[{"id":"2387755f-03eb-4227-93a2-adaf3489a16d","path":"/init.ipynb"},{"id":"f6012d79-789f-451b-bcd2-9a94292bef32","path":"/notebook.ipynb"},{"id":"154adc1a-256d-4f18-a132-464fb949f151","path":"/EDA - Baseline.ipynb"},{"id":"052f2443-8c1c-4ded-a346-9246ba978d58","path":"/test.ipynb"},{"id":"8322f457-5ad7-44e6-a018-2b30e680d1a7","path":"/test-checkpoint.ipynb"},{"id":"37befc05-333d-4100-9aa3-f641000eeb57","path":"/EDA_y_Baseline_1.ipynb"},{"id":"f3ea6452-70fe-433f-8fbd-5b4a7f6248dd","path":"/requirements.txt"},{"id":"e8ca3cc2-6198-48a1-8480-ac409e7862bb","path":"/EDA_y_Baseline_1-2.ipynb"},{"id":"767ff639-4653-4d79-8141-7fb1ef289991","path":"/EDA_y_Baseline_Damian_Test.ipynb"},{"id":"b78de284-7ded-4013-bf7f-d7470fe6583e","path":"/Check2.ipynb"},{"id":"90f12124-546c-4365-86ca-c4d2f6401d7f","path":"/Check2-Correcciones.ipynb"}]